tweet,class
0 0 i g*t a m****d c**l f**m yo b***h,1
rt [ u**r ] : f*****g w**h a b*d b***h y*u g**e n**d s**e m***y l*l h***e !,1
"rt [ u**r ] : [ u**r ] l*l my c****t a*n ' t no w***e n**r g**d , b*t i k**w t*e r***t m*n f*r t*e j*b . . t**t ho n**e t****h !",2
rt [ u**r ] w**e t*e c*m o*t of t**m f****t rt [ u**r ] c*****t l**s is w****n c*n ' t s*e s**t,1
n****s c***t on t**y b***h a*d d*n ' t e****t no p*y b**k w********r . y**l j**t as n***e as t***e b*****s .,1
"m****r a***d w**t i w****d f*r c*******s t**s y**r . r*****d w**h f*r h*r to n*t go c***y , a*d my s****r to n*t be a b***h .",1
"t**t ' s r**l d********n . . . & [ t*g ] ; [ u**r ] t**s b***h g*t d******a a*d s***l h**e , s******g up t*e b******m . & [ t*g ] ;",1
"k**s i*o t**s c*******r , it ' s 0 : 0 am h**e s**e c******y y*u b***h .",1
my m***a k**p t*****g to me l**e b***h g*f i ' m on t*****r .,1
rt [ u**r ] : i k*o t**s b***h a t**t s*e w***a m**t my m***a n*w,1
l**e a b***h p*c is f******g n******s,1
[ u**r ] w**t d*d y*u s****h ? g*y r*****k e*****e 0 p**y ?,0
"h*******n ' s o**r , a*d b*****s s***l p*****g r***s .",1
f*****g q***r,1
"w*y b*****s q***k to h**e a n***a b**y , t**n be s******d w**n s*e t****g c**e of it by h*****f ?",1
i s*****d s******g on w***n a*d c*****g t**m b*****s .,1
"[ u**r ] [ u**r ] g***a l**e it w**n t*e i***********t c*w t***s to m**e a r****t a***t a*e , t*****l m****e i****y",0
"i***f a***t y*u f**t c*****d h**s f******s e****r , y*u a g***n a*s m*n n***a .",1
so y**l g**e f******s to l**u y*t d*d a*l b*t s**t on k**s ? ok b*****s . . . ok,1
[ u**r ] t***r t*******s a*e t***h t****h .,2
"rt [ u**r ] : js m*t a l*l b***h w*t a l**g n**e m*****a h*d m**e l*****s d*n t*******e , i go g*****a i*a p***y , r*p & [ t*g ] ;",1
i n**d o*e of t***e a****d t*e w***d t*****r b*****s c***e t***e l***l f******k h**s a**t c****n it l*l,1
"rt [ u**r ] : j*u c***h o**r j*****n : "" it ' s w**t u do a*****t t*e b**l . u t***w it , h*t it , c***h it . d***n ' t m****r if t*e y*****s a*e & [ t*g ] ;",2
"i s**n a n***a d*****d to i*****s , h*p o*t da b*s n a b***h w*t a p****y , g*t o*f at h*s s**p t*o . s*y s******n . . . g*d t*****n u da l*b",1
0 or 0 h**s f*r e********g & [ t*g ] ; & [ t*g ] ; & [ t*g ] ;,1
"if i h*d h**r , i w***d s*******y go f*r a p**m n*w . g******s is a s***e c**d b***h .",1
i*a s***t f****d z****g t***e h**s & [ t*g ] ; & [ t*g ] ; & [ t*g ] ;,1
rt [ u**r ] : [ u*l ] w**t a s**t h**l .,1
t**s b***h p******t a***n & [ t*g ] ; & [ t*g ] ; & [ t*g ] ;,1
rt [ u**r ] : we d*n ' t w**t no s****y b*****s g*t o*t ! we w**t b*g b***y b*****s !,1
rt [ u**r ] : y**r o*****n of me is h****y i********t b***h,1
rt [ u**r ] : s**k my d**k b***h rt [ u**r ] : [ u**r ] n*t o**y a*e y*u t******e . y*u a*e w*y h*p h*p is d**d,1
rt [ u**r ] : u**y b*****s d********y d******e me & [ t*g ] ; e**w y**k !,1
t**s h*e t***n by t*e w***d s*h,1
rt [ u**r ] : h*w to g*t u*******d p***y in h**h s****l [ u*l ],1
"rt [ u**r ] : d*n ' t p**y g***s w**h a g**l w*o c*n p**y b****r , b***h .",1
i ' m j**t t***a g*t to s***p b****e t*e b***s s***t g*****g r***y .,2
k**s i**k t**s b***h j**t a***d a*****r 0 s*****s to h*r s***y i t***k i*s a n*w r****d .,1
i**e j*s g*t me a*l h**e at w**k ! ! i k**w my b***h c*****e a*n ' t d*e,1
[ u**r ] r*d a*d y****w it s****d be t**n,2
"i , f*r o*e , w*****e o*r n*w e*****n p*******e o*******s , a*d h**e t**y do a b****r j*b t**n t*e y****s w*o g*t us h**e in t*e f***t p***e .",2
[ u**r ] i l**e y*u t*o p***y . . . . l****o,1
[ u**r ] [ u**r ] s***e up on a b*d b***h / d*t b***h l**k g**d,1
[ u**r ] l**g l**g k*******p,2
[ u**r ] s*e ' s a d**e & a*p ; l***s l**e s*e ' s 0,1
rt [ u**r ] : s*e u**d to be m**e f*n as a h*e . . t**s n*w y*u is to p******e,1
"rt [ u**r ] : no n***a e**r a*k b****e he h*t e****r & [ t*g ] ; [ u**r ] : b**y c****s d*n ' t m****r ! y**l t***t a*l b*****s t*e s**e a****y , st & [ t*g ] ;",1
"& [ t*g ] ; [ u**r ] : i ' m a "" m*d s***k "" b*****e i h**e b***k f*****s . m***s p*****t s***e . & [ t*g ] ; & [ t*g ] ; & [ t*g ] ; & [ t*g ] ; [ t*g ] & [ t*g ] ; @",2
s*****k & a*p ; w***s : 0 i*******s of d******t b*****y in 0 w***s - m***a m*m [ u*l ] v*a [ u**r ],2
s***e at t*e b*****s w*o h**e y*u .,1
